City_ID,City,Country,Date,Lat,Lng,Max Temp,Humidity,Cloudiness,Wind Speed
0,Guarapari,BR,2022-07-21 23:48:06,-20.6667,-40.4975,70.9,88,19,2.42
1,Aksarka,RU,2022-07-21 23:50:21,66.5606,67.7975,46.31,72,63,4.92
2,Grindavik,IS,2022-07-21 23:50:22,63.8424,-22.4338,53.55,100,100,4.61
3,Salinas,US,2022-07-21 23:45:37,36.6777,-121.6555,92.21,65,0,17.27
4,Saint George,US,2022-07-21 23:49:09,37.1041,-113.5841,110.62,11,0,24.16
5,Rawson,AR,2022-07-21 23:49:39,-43.3002,-65.1023,44.06,47,100,11.32
6,Katsuura,JP,2022-07-21 23:46:37,35.1333,140.3,84.22,86,38,16.31
7,Araouane,ML,2022-07-21 23:50:22,18.9048,-3.5265,90.88,41,26,8.86
8,Seremban,MY,2022-07-21 23:50:23,2.7297,101.9381,78.31,92,73,2.73
9,Rikitea,PF,2022-07-21 23:50:23,-23.1203,-134.9692,74.08,82,89,24.61
10,Sola,VU,2022-07-21 23:50:23,-13.8833,167.55,80.26,82,81,17.74
11,Goryachegorsk,RU,2022-07-21 23:50:24,55.4053,88.9154,56.35,96,85,4.05
12,Georgetown,MY,2022-07-21 23:45:40,5.4112,100.3354,80.53,93,20,3.44
13,Nayoro,JP,2022-07-21 23:50:24,44.3506,142.4578,72.32,61,0,2.15
14,Mataura,NZ,2022-07-21 23:50:24,-46.1927,168.8643,43.48,92,100,1.25
15,Port Lincoln,AU,2022-07-21 23:45:48,-34.7333,135.8667,56.26,63,100,18.5
16,Sao Gabriel Da Cachoeira,BR,2022-07-21 23:50:25,-0.1303,-67.0892,72.64,98,79,2.24
17,Phangnga,TH,2022-07-21 23:50:25,8.4509,98.5298,75.24,91,100,1.07
18,Leh,IN,2022-07-21 23:50:26,34.1667,77.5833,64.24,21,96,4.74
19,Tasiilaq,GL,2022-07-21 23:50:26,65.6145,-37.6368,38.16,81,87,4.85
20,Taksimo,RU,2022-07-21 23:49:06,56.3444,114.8794,62.65,86,100,1.7
21,Gazanjyk,TM,2022-07-21 23:50:26,39.2446,55.5154,81.41,58,0,12.28
22,Punta Arenas,CL,2022-07-21 23:47:25,-53.15,-70.9167,32.11,93,20,20.71
23,Kapaa,US,2022-07-21 23:50:27,22.0752,-159.319,85.98,69,20,16.11
24,College,US,2022-07-21 23:45:50,64.8569,-147.8028,65.59,58,100,6.91
25,Ambilobe,MG,2022-07-21 23:50:27,-13.2,49.05,64.2,75,15,5.06
26,Udachnyy,RU,2022-07-21 23:50:28,66.4167,112.4,50.45,100,100,5.53
27,Lata,PT,2022-07-21 23:50:28,40.1629,-8.3327,57.96,94,39,2.19
28,Vao,NC,2022-07-21 23:50:28,-22.6667,167.4833,73.83,90,55,19.24
29,Mpongwe,ZM,2022-07-21 23:50:29,-13.5091,28.155,57.02,74,20,5.99
30,Torrelavega,ES,2022-07-21 23:50:29,43.3494,-4.0479,70.65,95,91,4.0
31,Saint-Georges,GD,2022-07-21 23:50:24,12.0564,-61.7485,82.08,78,20,17.27
32,Provideniya,RU,2022-07-21 23:46:26,64.3833,-173.3,42.91,87,100,27.0
33,Kavieng,PG,2022-07-21 23:50:30,-2.5744,150.7967,81.93,78,100,12.26
34,Andover,GB,2022-07-21 23:50:30,51.2083,-1.4825,67.51,80,100,8.88
35,Lyuban,BY,2022-07-21 23:50:31,52.7985,28.0048,58.64,85,3,7.49
36,Constitucion,CL,2022-07-21 23:48:17,-35.3333,-72.4167,52.52,89,41,9.64
37,Mayo,US,2022-07-21 23:50:31,38.8876,-76.5119,88.21,85,100,6.91
38,Lorengau,PG,2022-07-21 23:50:31,-2.0226,147.2712,84.38,72,72,10.02
39,Butaritari,KI,2022-07-21 23:50:32,3.0707,172.7902,81.23,76,66,6.49
40,New Norfolk,AU,2022-07-21 23:50:32,-42.7826,147.0587,48.92,81,1,3.22
41,Los Llanos De Aridane,ES,2022-07-21 23:50:32,28.6585,-17.9182,67.75,83,11,17.27
42,Thompson,CA,2022-07-21 23:45:48,55.7435,-97.8558,68.16,64,75,8.05
43,Camacha,PT,2022-07-21 23:50:33,33.0833,-16.3333,65.62,73,75,17.27
44,Pisco,PE,2022-07-21 23:50:33,-13.7,-76.2167,60.85,82,100,16.11
45,Chokurdakh,RU,2022-07-21 23:50:34,70.6333,147.9167,55.94,32,3,7.67
46,Sanmenxia,CN,2022-07-21 23:51:34,34.7747,111.1814,71.42,97,100,4.76
47,Touros,BR,2022-07-21 23:51:35,-5.1989,-35.4608,74.48,88,100,8.72
48,Upernavik,GL,2022-07-21 23:51:35,72.7868,-56.1549,45.37,95,100,14.25
49,Kedougou,SN,2022-07-21 23:51:35,12.5579,-12.1743,79.38,94,40,4.61
50,Mancora,PE,2022-07-21 23:51:36,-4.1078,-81.0475,71.28,69,26,2.95
51,Albany,US,2022-07-21 23:51:36,42.6001,-73.9662,88.18,59,17,8.99
52,Batesville,US,2022-07-21 23:47:03,35.7698,-91.641,95.41,45,0,8.05
53,Yerbogachen,RU,2022-07-21 23:51:36,61.2767,108.0108,63.86,72,99,3.24
54,Barrow,US,2022-07-21 23:48:03,71.2906,-156.7887,46.42,76,20,26.46
55,Mareeba,AU,2022-07-21 23:51:37,-17.0,145.4333,73.49,76,10,2.75
56,Launceston,AU,2022-07-21 23:51:37,-41.45,147.1667,51.33,81,10,6.91
57,Vaini,TO,2022-07-21 23:51:38,-21.2,-175.2,78.96,83,40,5.75
58,Ushuaia,AR,2022-07-21 23:50:11,-54.8,-68.3,31.66,86,75,27.63
59,Saskylakh,RU,2022-07-21 23:51:38,71.9167,114.0833,52.63,62,100,7.81
60,Puerto Baquerizo Moreno,EC,2022-07-21 23:51:39,-0.9,-89.6,72.59,78,40,5.75
61,Cabo San Lucas,MX,2022-07-21 23:51:39,22.8909,-109.9124,97.18,60,59,13.71
62,Arraial Do Cabo,BR,2022-07-21 23:51:39,-22.9661,-42.0278,66.16,88,0,4.61
63,Norman Wells,CA,2022-07-21 23:51:40,65.282,-126.8329,75.24,50,75,3.44
64,Cape Town,ZA,2022-07-21 23:49:32,-33.9258,18.4232,57.38,82,20,1.14
65,Bengkulu,ID,2022-07-21 23:51:40,-3.8004,102.2655,75.31,90,69,4.23
66,Ahipara,NZ,2022-07-21 23:51:40,-35.1667,173.1667,59.16,63,74,8.1
67,Vestmannaeyjar,IS,2022-07-21 23:48:44,63.4427,-20.2734,52.16,96,100,5.37
68,Mocuba,MZ,2022-07-21 23:51:41,-16.8392,36.9856,60.75,96,5,1.7
69,Geraldton,AU,2022-07-21 23:47:32,-28.7667,114.6,54.01,94,100,6.91
70,Yumen,CN,2022-07-21 23:51:41,40.2833,97.2,69.73,25,0,6.11
71,Hilo,US,2022-07-21 23:51:42,19.7297,-155.09,86.29,88,100,6.91
72,Kamaishi,JP,2022-07-21 23:47:44,39.2667,141.8833,71.89,98,98,3.38
73,Alekseyevka,RU,2022-07-21 23:51:42,50.6309,38.6903,56.21,93,99,8.37
74,Karratha,AU,2022-07-21 23:51:42,-20.7377,116.8463,70.03,77,1,6.98
75,Grasse,FR,2022-07-21 23:51:43,43.6667,6.9167,74.19,73,0,3.44
76,Kuleshovka,RU,2022-07-21 23:51:43,47.078,39.5579,70.93,67,69,5.66
77,Hithadhoo,MV,2022-07-21 23:51:43,-0.6,73.0833,78.48,84,100,14.99
78,Smithers,CA,2022-07-21 23:51:44,54.7804,-127.1743,73.72,38,20,11.5
79,Puerto Ayacucho,VE,2022-07-21 23:51:44,5.6639,-67.6236,74.71,92,82,3.44
80,Sioux Lookout,CA,2022-07-21 23:51:44,50.1001,-91.917,75.27,46,75,11.5
81,Severo-Kurilsk,RU,2022-07-21 23:51:45,50.6789,156.125,53.64,96,100,21.81
82,Pangai,TO,2022-07-21 23:51:45,-19.8,-174.35,80.71,74,20,9.22
83,Kodiak,US,2022-07-21 23:48:13,57.79,-152.4072,53.11,87,100,5.75
84,Yellowknife,CA,2022-07-21 23:49:32,62.456,-114.3525,68.52,40,75,6.91
85,Conceicao Do Araguaia,BR,2022-07-21 23:51:46,-8.2578,-49.2647,75.63,37,3,2.95
86,Sosua,DO,2022-07-21 23:51:46,19.7667,-70.5167,78.22,94,75,9.22
87,Tiksi,RU,2022-07-21 23:50:30,71.6872,128.8694,42.57,80,92,9.57
88,Yanai,JP,2022-07-21 23:51:47,33.9667,132.1167,82.4,79,86,13.42
89,Kichera,RU,2022-07-21 23:51:47,55.9375,110.0997,63.1,78,100,3.56
90,Tokmak,UA,2022-07-21 23:51:47,47.2514,35.7058,62.55,74,20,8.08
91,Rio Grande,BR,2022-07-21 23:48:40,-32.035,-52.0986,60.94,99,100,5.53
92,Bluff,NZ,2022-07-21 23:52:48,-46.6,168.3333,43.81,74,91,8.08
93,Avarua,CK,2022-07-21 23:52:48,-21.2078,-159.775,75.25,73,100,17.27
94,Bonavista,CA,2022-07-21 23:51:51,48.6499,-53.1147,57.25,91,54,6.17
95,Komsomolskiy,UZ,2022-07-21 23:52:49,40.4272,71.7189,79.52,38,0,9.22
96,Bredasdorp,ZA,2022-07-21 23:52:48,-34.5322,20.0403,46.83,87,100,4.18
97,Carballo,ES,2022-07-21 23:52:49,43.213,-8.691,67.42,92,99,9.69
98,Zyryanka,RU,2022-07-21 23:52:49,65.75,150.85,60.69,46,8,1.81
99,Port Alfred,ZA,2022-07-21 23:52:50,-33.5906,26.891,57.02,80,0,9.15
100,Sembakung,ID,2022-07-21 23:52:50,3.8167,117.25,75.79,97,100,2.06
101,Carnarvon,AU,2022-07-21 23:52:50,-24.8667,113.6333,60.21,75,36,16.26
102,Castro,BR,2022-07-21 23:50:38,-24.7911,-50.0119,60.19,85,58,2.24
103,Luzhou,CN,2022-07-21 23:52:51,28.8724,105.4405,79.03,89,100,3.27
104,Naze,JP,2022-07-21 23:52:51,28.3667,129.4833,85.12,79,41,13.44
105,Ponta Do Sol,PT,2022-07-21 23:52:52,32.6667,-17.1,70.43,81,2,5.53
106,Mugan,CN,2022-07-21 23:52:52,35.9404,101.3842,50.97,66,0,2.53
107,Puerto Del Rosario,ES,2022-07-21 23:52:52,28.5004,-13.8627,76.75,69,3,10.36
108,Vila Franca Do Campo,PT,2022-07-21 23:51:17,37.7167,-25.4333,72.19,82,70,2.82
109,Qaanaaq,GL,2022-07-21 23:52:53,77.484,-69.3632,43.57,91,100,9.66
110,Cherskiy,RU,2022-07-21 23:52:53,68.75,161.3,48.94,39,93,12.33
111,Dikson,RU,2022-07-21 23:52:53,73.5069,80.5464,44.02,90,100,15.21
112,Balabac,PH,2022-07-21 23:52:54,7.9868,117.0645,83.41,73,72,4.61
113,Hermanus,ZA,2022-07-21 23:52:54,-34.4187,19.2345,45.81,74,100,5.12
114,Jamestown,US,2022-07-21 23:50:35,42.097,-79.2353,80.02,65,40,10.36
115,Nome,US,2022-07-21 23:52:54,64.5011,-165.4064,48.27,72,100,11.5
116,Koulikoro,ML,2022-07-21 23:52:55,14.0,-7.75,77.9,75,100,8.41
117,Dunedin,NZ,2022-07-21 23:52:55,-45.8742,170.5036,44.98,80,95,1.9
118,Najran,SA,2022-07-21 23:52:55,17.4924,44.1277,84.85,37,67,1.81
119,Hobart,AU,2022-07-21 23:52:56,-42.8794,147.3294,49.26,80,20,9.22
120,Batagay-Alyta,RU,2022-07-21 23:52:56,67.8006,130.4114,59.23,60,90,5.59
121,Busselton,AU,2022-07-21 23:52:56,-33.65,115.3333,59.56,79,76,9.75
122,Eyl,SO,2022-07-21 23:52:57,7.9803,49.8164,76.28,73,50,22.5
123,Xapuri,BR,2022-07-21 23:52:57,-10.6517,-68.5044,75.67,49,0,1.48
124,Nikolskoye,RU,2022-07-21 23:52:57,59.7035,30.7861,64.8,91,0,3.44
125,Novaya Malykla,RU,2022-07-21 23:52:58,54.2,49.95,61.83,76,99,7.27
126,Belmonte,BR,2022-07-21 23:52:58,-15.8631,-38.8828,71.19,86,38,3.58
127,Lebu,CL,2022-07-21 23:52:58,-37.6167,-73.65,51.33,88,99,12.03
128,Mombetsu,JP,2022-07-21 23:52:59,44.3525,143.3525,63.64,77,18,6.58
129,Tual,ID,2022-07-21 23:52:59,-5.6667,132.75,78.91,69,76,18.54
130,Karlivka,UA,2022-07-21 23:52:59,49.4567,35.1295,55.36,97,34,9.13
131,Palmer,US,2022-07-21 23:53:00,42.1584,-72.3287,87.4,58,20,12.66
132,Khatanga,RU,2022-07-21 23:53:00,71.9667,102.5,54.39,73,100,13.49
133,Santa Isabel,BR,2022-07-21 23:53:00,-23.3156,-46.2214,66.96,81,22,0.31
134,Cockburn Town,TC,2022-07-21 23:53:01,21.4612,-71.1419,82.44,83,6,20.0
135,Monte Patria,CL,2022-07-21 23:53:01,-30.6919,-70.9467,59.67,73,0,1.43
136,Rolante,BR,2022-07-21 23:53:01,-29.6506,-50.5758,72.36,96,76,2.71
137,Solnechnyy,RU,2022-07-21 23:53:02,50.7214,136.6319,55.72,94,98,7.29
138,Reconquista,AR,2022-07-21 23:53:02,-29.15,-59.65,68.45,69,100,5.88
139,Hofn,IS,2022-07-21 23:53:02,64.2539,-15.2082,52.72,82,13,4.43
140,Lucapa,AO,2022-07-21 23:50:30,-8.4192,20.7447,70.56,50,43,2.35
141,Honavar,IN,2022-07-21 23:54:03,14.2833,74.45,77.65,88,81,4.99
142,Atuona,PF,2022-07-21 23:52:47,-9.8,-139.0333,77.11,71,16,14.7
143,Boyolangu,ID,2022-07-21 23:54:03,-8.1181,111.8935,74.95,87,100,7.45
144,Cleveland,US,2022-07-21 23:54:04,41.4995,-81.6954,84.38,53,0,12.66
145,Boa Vista,BR,2022-07-21 23:54:04,2.8197,-60.6733,82.38,74,40,5.75
146,Srednekolymsk,RU,2022-07-21 23:54:04,67.45,153.6833,55.47,38,0,6.62
147,Talnakh,RU,2022-07-21 23:54:05,69.4865,88.3972,60.21,76,30,5.17
148,Vaasa,FI,2022-07-21 23:54:05,63.096,21.6158,65.28,100,96,3.44
149,Acapulco,MX,2022-07-21 23:51:47,16.8634,-99.8901,84.81,75,87,5.64
150,Skala,PL,2022-07-21 23:54:05,50.2305,19.8536,69.08,68,0,5.75
151,Beloretsk,RU,2022-07-21 23:54:06,53.9631,58.3981,49.78,95,86,2.04
152,Vilyuysk,RU,2022-07-21 23:54:06,63.7553,121.6247,56.61,91,96,6.73
153,Longyearbyen,SJ,2022-07-21 23:54:07,78.2186,15.6401,49.84,87,75,3.44
154,Lompoc,US,2022-07-21 23:54:07,34.6391,-120.4579,85.69,73,0,17.0
155,Mar Del Plata,AR,2022-07-21 23:54:07,-38.0023,-57.5575,51.1,67,0,2.3
156,Ballina,AU,2022-07-21 23:54:08,-28.8667,153.5667,59.02,99,100,19.39
157,Luderitz,NA,2022-07-21 23:54:08,-26.6481,15.1594,63.73,48,0,6.08
158,Faro,PT,2022-07-21 23:54:08,37.0194,-7.9322,77.18,73,0,4.61
159,Goderich,CA,2022-07-21 23:54:09,43.7501,-81.7165,80.92,54,0,9.22
160,Tuktoyaktuk,CA,2022-07-21 23:54:09,69.4541,-133.0374,57.2,88,75,6.91
161,Tambilil,PH,2022-07-21 23:54:09,5.9622,124.6697,82.76,76,96,3.11
162,Henties Bay,NA,2022-07-21 23:54:10,-22.116,14.2845,59.31,68,0,2.53
163,Cervo,ES,2022-07-21 23:54:10,43.6702,-7.4101,65.97,90,100,12.1
164,Namibe,AO,2022-07-21 23:54:10,-15.1961,12.1522,62.13,89,21,3.31
165,Gumdag,TM,2022-07-21 23:54:11,39.2061,54.5906,79.3,61,0,8.95
166,Gornopravdinsk,RU,2022-07-21 23:54:11,60.05,69.9,49.17,84,8,4.25
167,Ribeira Grande,PT,2022-07-21 23:54:11,38.5167,-28.7,73.26,87,17,2.42
168,Pevek,RU,2022-07-21 23:54:12,69.7008,170.3133,31.89,100,100,12.28
169,Caraquet,CA,2022-07-21 23:54:12,47.7941,-64.9386,70.34,88,96,12.39
170,Urdoma,RU,2022-07-21 23:54:12,61.7533,48.5442,57.85,88,56,5.08
171,Port Elizabeth,ZA,2022-07-21 23:54:13,-33.918,25.5701,52.09,87,0,6.91
172,Antofagasta,CL,2022-07-21 23:52:30,-23.65,-70.4,58.28,88,20,5.21
173,Bethel,US,2022-07-21 23:52:43,41.3712,-73.414,84.85,79,43,1.01
174,Chuy,UY,2022-07-21 23:54:13,-33.6971,-53.4616,51.24,89,100,5.19
175,Saint-Francois,FR,2022-07-21 23:54:13,46.4154,3.9054,60.67,94,0,2.3
176,Tiznit,MA,2022-07-21 23:54:14,29.5833,-9.5,88.2,21,22,3.09
177,Calabozo,VE,2022-07-21 23:54:14,8.9242,-67.4293,76.14,90,46,4.05
178,Panjakent,TJ,2022-07-21 23:54:14,39.4952,67.6093,78.28,26,0,4.88
179,Kiama,AU,2022-07-21 23:52:56,-34.6833,150.8667,57.99,92,88,1.99
180,Comodoro Rivadavia,AR,2022-07-21 23:54:15,-45.8667,-67.5,37.26,44,0,9.22
181,Indiaroba,BR,2022-07-21 23:54:15,-11.5192,-37.5117,69.28,93,73,1.52
182,Torrington,US,2022-07-21 23:54:16,41.8007,-73.1212,84.69,81,58,7.76
183,Fairbanks,US,2022-07-21 23:50:02,64.8378,-147.7164,65.61,58,75,6.91
184,Ukiah,US,2022-07-21 23:54:16,39.1502,-123.2078,99.45,13,0,11.5
185,Grand Gaube,MU,2022-07-21 23:54:17,-20.0064,57.6608,69.39,74,64,4.0
186,Kedrovyy,RU,2022-07-21 23:51:25,56.1667,91.8167,59.41,81,68,4.03
187,Iraray,PH,2022-07-21 23:55:17,8.9936,118.0511,82.0,82,93,2.89
188,Biarritz,FR,2022-07-21 23:55:18,43.4801,-1.5556,72.81,83,100,11.5
189,Puerto Gaitan,CO,2022-07-21 23:55:18,4.3133,-72.0816,73.36,89,87,5.57
190,Sechura,PE,2022-07-21 23:55:18,-5.5569,-80.8222,68.18,65,31,14.79
191,Broome,US,2022-07-21 23:55:19,42.2506,-75.833,81.48,57,68,5.75
192,Lavrentiya,RU,2022-07-21 23:55:19,65.5833,-171.0,40.23,81,100,20.09
193,Baturaden,ID,2022-07-21 23:55:19,-7.3,109.2167,63.93,94,93,4.05
194,Hamilton,US,2022-07-21 23:51:43,39.1834,-84.5333,87.75,57,0,11.5
195,Puerto Ayora,EC,2022-07-21 23:55:20,-0.7393,-90.3518,75.16,93,51,3.0
196,Ancud,CL,2022-07-21 23:55:20,-41.8697,-73.8203,40.23,92,100,4.9
197,Airai,TL,2022-07-21 23:55:21,-8.9266,125.4092,61.63,70,97,4.18
198,Tsumeb,NA,2022-07-21 23:55:21,-19.2333,17.7167,57.34,45,12,8.12
199,Beloha,MG,2022-07-21 23:55:21,-25.1667,45.05,63.1,79,1,4.72
200,Oskemen,KZ,2022-07-21 23:55:22,49.9565,82.6119,62.56,93,75,6.71
201,Olhao,PT,2022-07-21 23:55:22,37.0286,-7.8411,77.29,69,0,4.61
202,Krasnoselkup,RU,2022-07-21 23:52:59,65.7,82.4667,48.33,89,34,2.04
203,Sabla,NG,2022-07-21 23:55:23,12.7525,4.7077,81.43,63,21,5.19
204,Kempsey,AU,2022-07-21 23:55:23,-31.0833,152.8333,61.95,77,98,5.99
205,Arkhipo-Osipovka,RU,2022-07-21 23:55:23,44.37,38.52,65.68,79,12,3.8
206,Maragogi,BR,2022-07-21 23:55:24,-9.0122,-35.2225,73.47,90,90,8.97
207,Raymondville,US,2022-07-21 23:54:01,26.4815,-97.7831,95.11,38,0,20.09
208,Bilibino,RU,2022-07-21 23:55:24,68.0546,166.4372,45.16,59,99,9.69
209,Husavik,IS,2022-07-21 23:55:25,66.0449,-17.3389,48.56,86,55,3.02
210,Kalmunai,LK,2022-07-21 23:55:25,7.4167,81.8167,78.73,84,97,3.65
211,Mahebourg,MU,2022-07-21 23:55:25,-20.4081,57.7,69.26,77,40,11.5
212,Namatanai,PG,2022-07-21 23:55:26,-3.6667,152.4333,84.0,68,88,5.91
213,Mount Isa,AU,2022-07-21 23:55:26,-20.7333,139.5,56.97,33,0,6.91
214,Pitimbu,BR,2022-07-21 23:55:26,-7.4706,-34.8086,73.99,86,93,6.85
215,Nuuk,GL,2022-07-21 23:52:47,64.1835,-51.7216,48.16,80,85,9.28
216,Vijayapuri,IN,2022-07-21 23:55:27,11.2333,77.5,76.1,86,100,11.1
217,Fort Nelson,CA,2022-07-21 23:55:27,58.8053,-122.7002,65.79,45,75,9.22
218,Mayfield,US,2022-07-21 23:55:27,36.7417,-88.6367,91.24,52,0,3.44
219,Ankang,CN,2022-07-21 23:55:28,32.68,109.0172,74.37,98,100,2.1
220,Wajid,SO,2022-07-21 23:55:28,3.8093,43.2471,71.11,80,35,20.83
221,Baykit,RU,2022-07-21 23:55:28,61.67,96.37,62.89,72,22,3.33
222,Northam,GB,2022-07-21 23:55:29,51.0333,-4.2167,59.4,90,100,7.92
223,Sao Filipe,CV,2022-07-21 23:55:29,14.8961,-24.4956,74.41,87,89,5.59
224,Mattawa,US,2022-07-21 23:55:29,46.7379,-119.9028,97.88,8,56,9.93
225,Klaksvik,FO,2022-07-21 23:55:30,62.2266,-6.589,45.52,86,55,5.7
226,Torbay,CA,2022-07-21 23:55:30,47.6666,-52.7314,64.89,80,75,4.61
227,Wuchi,CN,2022-07-21 23:55:30,29.3786,103.023,63.93,95,100,0.58
228,Labuhan,ID,2022-07-21 23:55:31,-6.8844,112.2051,76.82,79,85,11.16
229,Nanortalik,GL,2022-07-21 23:56:31,60.1432,-45.2371,49.39,77,4,6.24
230,Port-Cartier,CA,2022-07-21 23:56:31,50.0334,-66.8654,62.71,95,99,6.24
231,Prince Rupert,CA,2022-07-21 23:56:32,54.3161,-130.3201,60.89,79,0,13.8
232,Lasa,IT,2022-07-21 23:56:32,46.6166,10.7002,68.36,87,32,2.17
233,Westport,US,2022-07-21 23:56:32,41.1415,-73.3579,87.3,88,53,1.99
234,Luebo,CD,2022-07-21 23:56:33,-5.35,21.4167,76.69,45,62,1.48
235,Gamba,GA,2022-07-21 23:56:33,-2.65,10.0,70.07,95,80,5.46
236,Nadym,RU,2022-07-21 23:56:33,65.5333,72.5167,48.45,68,100,7.99
237,Casino,AU,2022-07-21 23:52:23,-28.8667,153.05,58.78,91,99,9.98
238,Oksfjord,NO,2022-07-21 23:55:30,70.2396,22.3479,55.47,86,95,3.94
239,Sycow,PL,2022-07-21 23:56:34,51.3081,17.7198,67.1,81,35,9.35
240,East London,ZA,2022-07-21 23:56:35,-33.0153,27.9116,57.99,78,2,7.2
241,Ketchikan,US,2022-07-21 23:56:35,55.3422,-131.6461,62.56,70,83,3.51
242,Arcachon,FR,2022-07-21 23:56:35,44.5875,-1.0519,71.42,73,0,9.22
243,Vardo,NO,2022-07-21 23:56:36,70.3705,31.1107,55.38,94,75,10.36
244,Mehamn,NO,2022-07-21 23:56:36,71.0357,27.8492,58.91,100,100,13.8
245,Ginir,ET,2022-07-21 23:56:36,7.1333,40.7,58.66,72,87,12.57
246,Tsaratanana,MG,2022-07-21 23:56:37,-16.7833,47.65,62.2,72,0,11.16
247,Kaitangata,NZ,2022-07-21 23:56:37,-46.2817,169.8464,44.98,85,97,2.24
248,Tura,IN,2022-07-21 23:56:37,25.5198,90.2201,74.46,96,96,3.58
249,Cururupu,BR,2022-07-21 23:56:38,-1.8283,-44.8683,73.38,89,60,3.15
250,Saint-Pierre,RE,2022-07-21 23:56:38,-21.3393,55.4781,65.28,70,0,2.3
251,Qasigiannguit,GL,2022-07-21 23:56:39,68.8193,-51.1922,41.54,97,100,3.96
252,Sinnamary,GF,2022-07-21 23:56:30,5.3833,-52.95,77.95,86,33,8.81
253,Honningsvag,NO,2022-07-21 23:56:39,70.9821,25.9704,53.35,87,100,25.32
254,Dali,CN,2022-07-21 23:56:39,25.7,100.1833,64.26,88,95,1.88
255,Kathmandu,NP,2022-07-21 23:53:48,27.7167,85.3167,70.02,100,75,3.44
256,La Asuncion,VE,2022-07-21 23:56:40,11.0333,-63.8628,82.13,83,3,16.11
257,Codrington,AU,2022-07-21 23:56:40,-38.2667,141.9667,52.11,77,86,13.15
258,Kempele,FI,2022-07-21 23:56:40,64.9131,25.5034,66.22,82,0,4.61
259,Ilabaya,PE,2022-07-21 23:56:41,-17.4208,-70.5133,63.9,52,18,0.76
260,Cidreira,BR,2022-07-21 23:56:41,-30.1811,-50.2056,62.64,90,90,3.98
261,Stromness,GB,2022-07-21 23:56:42,58.965,-3.296,46.36,82,97,6.13
262,Dingle,PH,2022-07-21 23:56:42,10.9995,122.6711,82.04,85,95,6.22
263,Lagoa,PT,2022-07-21 23:56:43,39.05,-27.9833,71.53,89,87,5.3
264,Zhuhai,CN,2022-07-21 23:56:36,22.2769,113.5678,86.86,84,20,4.61
265,Khash,IR,2022-07-21 23:56:43,28.2211,61.2158,78.82,57,32,3.67
266,Bambous Virieux,MU,2022-07-21 23:55:08,-20.3428,57.7575,69.22,77,40,11.5
267,Hambantota,LK,2022-07-21 23:56:44,6.1241,81.1185,78.64,83,100,16.55
268,Gomel,BY,2022-07-21 23:56:44,52.4345,30.9754,60.78,88,0,11.18
269,Simplicio Mendes,BR,2022-07-21 23:56:44,-7.8539,-41.9103,72.72,53,65,4.88
270,Hay River,CA,2022-07-21 23:53:50,60.8156,-115.7999,64.38,52,75,12.66
271,Nelson Bay,AU,2022-07-21 23:57:45,-32.7167,152.15,67.08,69,99,14.0
272,Orocue,CO,2022-07-21 23:57:45,4.7912,-71.3354,72.86,91,83,3.6
273,Baiao,BR,2022-07-21 23:57:46,-2.7906,-49.6717,79.88,62,89,2.77
274,Noumea,NC,2022-07-21 23:57:46,-22.2763,166.4572,81.0,99,65,6.44
275,Pijijiapan,MX,2022-07-21 23:57:46,15.7011,-93.23,81.91,89,95,3.06
276,Neijiang,CN,2022-07-21 23:57:47,29.5835,105.0622,69.15,94,100,15.61
277,Narsaq,GL,2022-07-21 23:57:40,60.9167,-46.05,49.51,80,10,4.83
278,Chinsali,ZM,2022-07-21 23:57:47,-10.5414,32.0816,55.72,70,64,3.42
279,Hwange,ZW,2022-07-21 23:57:43,-18.3693,26.5019,63.25,55,75,5.26
280,Nikolayevsk-Na-Amure,RU,2022-07-21 23:57:47,53.1406,140.73,58.82,88,100,5.66
281,Quelimane,MZ,2022-07-21 23:57:48,-17.8786,36.8883,69.75,94,0,5.99
282,Portland,US,2022-07-21 23:55:24,45.5234,-122.6762,89.89,49,12,4.0
283,Surskoye,RU,2022-07-21 23:57:48,54.4821,46.7214,57.0,96,95,5.26
284,Mount Gambier,AU,2022-07-21 23:57:49,-37.8333,140.7667,51.89,77,100,12.01
285,Akropong,GH,2022-07-21 23:57:49,5.9746,-0.0854,70.75,80,63,4.41
286,Fortuna,US,2022-07-21 23:57:49,40.5982,-124.1573,70.93,71,41,3.0
287,Chicama,PE,2022-07-21 23:57:50,-7.8447,-79.1469,61.34,78,79,7.38
288,Yinchuan,CN,2022-07-21 23:57:50,38.4681,106.2731,65.77,48,84,11.39
289,Terra Santa,BR,2022-07-21 23:57:50,-2.1042,-56.4869,77.04,79,47,0.76
290,Bandarbeyla,SO,2022-07-21 23:57:51,9.4942,50.8122,76.14,78,10,28.79
291,Cayenne,GF,2022-07-21 23:57:10,4.9333,-52.3333,80.1,1,0,0.0
292,Alekseyevsk,RU,2022-07-21 23:57:51,57.8406,108.3492,65.41,66,100,4.81
293,Port Keats,AU,2022-07-21 23:55:16,-14.25,129.55,72.9,31,12,11.45
294,Laguna,US,2022-07-21 23:57:52,38.421,-121.4238,103.75,23,0,6.91
295,Saint-Philippe,RE,2022-07-21 23:57:52,-21.3585,55.7679,65.21,74,50,11.41
296,Nianzishan,CN,2022-07-21 23:57:52,47.5167,122.8833,78.31,53,3,3.53
297,Dhidhdhoo,MV,2022-07-21 23:57:53,6.8833,73.1,81.68,76,100,18.25
298,Mizan Teferi,ET,2022-07-21 23:57:53,6.9833,35.5833,60.03,97,74,2.57
299,Placido De Castro,BR,2022-07-21 23:57:53,-10.3353,-67.1856,76.64,48,0,0.85
300,Kahului,US,2022-07-21 23:57:54,20.8947,-156.47,83.97,82,45,15.99
301,Lusambo,CD,2022-07-21 23:57:54,-4.9667,23.45,72.1,53,27,1.19
302,Kieta,PG,2022-07-21 23:57:54,-6.2167,155.6333,84.78,58,78,3.38
303,Kabanjahe,ID,2022-07-21 23:57:55,3.1001,98.4908,62.96,96,72,1.57
304,Balakliya,UA,2022-07-21 23:57:55,49.4627,36.8595,55.44,97,42,6.85
305,Oktyabrskoye,RU,2022-07-21 23:57:55,43.0645,44.7417,64.54,93,98,6.71
306,Ulundi,ZA,2022-07-21 23:57:56,-28.3352,31.4162,60.06,84,53,2.3
307,Mounana,GA,2022-07-21 23:57:56,-1.4085,13.1586,71.47,81,87,2.75
308,Nguruka,TZ,2022-07-21 23:57:57,-5.1092,31.0419,63.73,56,5,6.2
309,Waingapu,ID,2022-07-21 23:57:57,-9.6567,120.2641,78.46,68,75,15.77
310,Lyngseidet,NO,2022-07-21 23:57:57,69.5763,20.2189,53.6,90,98,3.06
311,Horta,PT,2022-07-21 23:57:58,38.5333,-28.6333,72.59,87,28,2.33
312,Simpang,ID,2022-07-21 23:57:58,-1.2667,104.0833,74.55,96,65,2.42
313,Yulara,AU,2022-07-21 23:57:58,-25.2406,130.9889,56.07,32,0,4.03
314,Kautokeino,NO,2022-07-21 23:57:59,69.0125,23.0412,50.68,90,95,8.34
315,Isangel,VU,2022-07-21 23:57:59,-19.55,169.2667,80.31,69,4,16.71
316,Mutoko,ZW,2022-07-21 23:57:59,-17.397,32.2268,55.42,74,94,7.2
317,Dicabisagan,PH,2022-07-21 23:59:00,17.0818,122.4157,84.96,75,13,0.49
318,Swift Current,CA,2022-07-21 23:59:00,50.2834,-107.8014,83.21,30,0,17.27
319,Guabito,PA,2022-07-21 23:59:01,9.5,-82.6167,77.56,88,99,4.12
320,Mayumba,GA,2022-07-21 23:59:01,-3.432,10.6554,69.75,94,55,6.44
321,Sambava,MG,2022-07-21 23:59:01,-14.2667,50.1667,68.04,86,62,11.01
322,Hasaki,JP,2022-07-21 23:59:02,35.7333,140.8333,86.29,83,55,17.34
323,Iqaluit,CA,2022-07-21 23:59:02,63.7506,-68.5145,44.33,87,20,4.61
324,Salalah,OM,2022-07-21 23:59:02,17.0151,54.0924,76.53,92,81,9.13
325,Agno,CH,2022-07-21 23:59:03,45.9833,8.85,80.46,72,4,1.14
326,Sivas,TR,2022-07-21 23:59:03,39.7916,37.0019,48.54,91,0,3.11
327,Conceicao Da Barra,BR,2022-07-21 23:59:04,-18.5933,-39.7322,68.81,82,0,4.5
328,Staryy Nadym,RU,2022-07-21 23:59:04,65.6118,72.6842,47.89,70,100,6.62
329,Xiongyue,CN,2022-07-21 23:59:04,40.1774,122.1228,75.31,81,23,8.43
330,Paamiut,GL,2022-07-21 23:55:31,61.994,-49.6678,47.79,82,7,8.14
331,Mindelo,CV,2022-07-21 23:59:05,16.8901,-24.9804,76.55,73,40,8.05
332,Mahon,ES,2022-07-21 23:59:05,39.8885,4.2658,75.76,88,0,1.14
333,Guerrero Negro,MX,2022-07-21 23:59:05,27.9769,-114.0611,73.81,64,6,22.77
334,Taoudenni,ML,2022-07-21 23:59:06,22.6783,-3.9836,91.38,39,56,9.78
335,Richards Bay,ZA,2022-07-21 23:55:12,-28.783,32.0377,65.7,86,83,5.95
336,Anaconda,US,2022-07-21 23:59:06,46.1285,-112.9423,83.01,15,1,11.05
337,Buraydah,SA,2022-07-21 23:59:07,26.326,43.975,88.25,13,10,4.59
338,Kingaroy,AU,2022-07-21 23:59:07,-26.5333,151.8333,55.44,100,100,16.11
339,Monte Carmelo,BR,2022-07-21 23:59:07,-18.7247,-47.4986,63.23,53,6,4.12
340,Nhulunbuy,AU,2022-07-21 23:59:08,-12.2333,136.7667,77.61,44,69,13.8
341,Byron Bay,AU,2022-07-21 23:59:08,-28.65,153.6167,58.95,84,100,19.44
342,Baoding,CN,2022-07-21 23:59:08,38.8511,115.4903,81.12,61,95,1.97
343,Ewa Beach,US,2022-07-21 23:59:09,21.3156,-158.0072,83.08,66,7,20.58
344,Sao Joao Da Barra,BR,2022-07-21 23:59:09,-21.6403,-41.0511,70.02,86,4,9.66
345,San-Pedro,CI,2022-07-21 23:59:09,4.7485,-6.6363,74.89,74,100,4.56
346,Moba,CN,2022-07-21 23:59:10,33.2288,105.0179,56.71,86,100,5.64
347,Sharan,RU,2022-07-21 23:59:10,54.8167,54.0,56.62,86,93,1.88
348,Barentu,ER,2022-07-21 23:59:10,15.1139,37.5928,72.09,76,100,6.89
349,Sayat,TM,2022-07-21 23:59:11,38.7839,63.8803,84.07,14,0,9.53
350,Chipata,ZM,2022-07-21 23:59:11,-13.6333,32.65,58.06,61,7,6.62
351,Bodden Town,KY,2022-07-21 23:59:11,19.2833,-81.25,87.8,70,40,9.22
352,Te Anau,NZ,2022-07-21 23:58:51,-45.4167,167.7167,42.06,90,72,1.25
353,Whitehorse,CA,2022-07-21 23:59:11,60.7161,-135.0538,63.81,46,75,16.11
354,Mackay,AU,2022-07-21 23:58:08,-21.15,149.2,68.68,72,23,7.07
355,Manica,FR,2022-07-21 23:59:12,49.0,-1.1667,56.97,95,36,3.36
356,Berlevag,NO,2022-07-21 23:59:12,70.8578,29.0864,62.4,94,100,1.14
357,Inhambane,MZ,2022-07-21 23:59:13,-23.865,35.3833,66.9,85,0,3.36
358,Umm Lajj,SA,2022-07-21 23:59:13,25.0213,37.2685,85.89,56,28,7.27
359,Mittagong,AU,2022-07-21 23:59:13,-34.45,150.45,48.99,93,86,6.53
360,Kuruman,ZA,2022-07-21 23:59:14,-27.4524,23.4325,52.38,46,2,5.26
361,Dodola,ET,2022-07-21 23:59:14,6.9833,39.1833,52.47,96,80,1.66
362,Macusani,PE,2022-07-21 23:55:16,-14.0833,-70.4333,36.45,86,16,3.29
363,Itarantim,BR,2022-07-22 00:00:15,-15.6597,-40.0656,63.48,95,28,2.55
364,Moussoro,TD,2022-07-22 00:00:15,13.6408,16.4901,85.98,56,71,5.21
365,Mangrol,IN,2022-07-22 00:00:16,21.1167,70.1167,81.32,82,100,14.81
366,Arman,RU,2022-07-22 00:00:17,59.7,150.1667,73.02,72,48,4.0
367,Murgab,TM,2022-07-22 00:00:17,37.4966,61.9714,84.33,15,0,7.72
368,Victoria,HK,2022-07-21 23:59:06,22.2855,114.1577,89.96,81,0,4.0
369,Waipawa,NZ,2022-07-22 00:00:18,-41.4122,175.5153,46.67,73,96,12.55
370,Pafos,CY,2022-07-22 00:00:18,34.7667,32.4167,73.18,60,0,4.61
371,Tautira,PF,2022-07-21 23:56:23,-17.7333,-149.15,74.86,79,16,11.99
372,Sergeyevka,KZ,2022-07-22 00:00:19,53.88,67.4158,55.62,88,0,9.71
373,Terney,RU,2022-07-22 00:00:19,45.0503,136.6092,61.57,97,100,6.08
374,Atherton,GB,2022-07-22 00:00:19,53.5237,-2.4935,62.29,89,99,1.01
375,Paranhos,BR,2022-07-22 00:00:20,-23.8928,-55.4311,70.36,42,23,7.18
376,Broken Hill,AU,2022-07-22 00:00:20,-31.95,141.4333,53.13,70,72,15.48
377,San Quintin,MX,2022-07-22 00:00:21,30.4833,-115.95,73.47,67,100,13.8
378,Portree,GB,2022-07-22 00:00:21,57.4129,-6.1942,50.52,92,100,3.83
379,Dukat,RU,2022-07-22 00:00:22,62.55,155.55,55.72,47,1,9.44
380,Ayan,RU,2022-07-22 00:00:22,56.45,138.1667,58.62,89,98,5.17
381,Homer,US,2022-07-22 00:00:22,59.6425,-151.5483,57.78,85,99,13.0
382,Nalut,LY,2022-07-22 00:00:23,30.3333,10.85,80.85,26,0,10.6
383,Santa Cruz De La Palma,ES,2022-07-22 00:00:23,28.6835,-17.7642,71.74,83,27,17.27
384,Axim,GH,2022-07-22 00:00:24,4.8699,-2.2405,73.63,76,52,7.16
385,Santa Adelia,BR,2022-07-22 00:00:24,-21.2428,-48.8042,66.67,43,8,4.5
386,Gladstone,AU,2022-07-22 00:00:25,-23.85,151.25,58.93,82,40,13.8
387,Atambua,ID,2022-07-22 00:00:25,-9.1061,124.8925,74.98,67,88,6.85
388,Padang,ID,2022-07-22 00:00:25,-0.9492,100.3543,73.45,86,91,4.23
389,Kamariotissa,GR,2022-07-22 00:00:26,40.4833,25.4667,75.65,77,0,11.83
390,Staroaleyskoye,RU,2022-07-22 00:00:26,51.0061,82.0,59.34,94,62,8.32
391,Cabimas,VE,2022-07-22 00:00:27,10.3883,-71.4399,83.26,76,82,8.66
392,Sorland,NO,2022-07-22 00:00:27,67.667,12.6934,51.66,93,100,21.97
393,Nara,JP,2022-07-22 00:00:27,34.6851,135.8049,82.49,53,56,9.17
394,Sovetskiy,RU,2022-07-21 23:56:43,61.3614,63.5842,54.81,78,65,4.12
395,Lazaro Cardenas,MX,2022-07-22 00:00:28,17.9583,-102.2,85.93,71,41,6.35
396,Tomatlan,MX,2022-07-22 00:00:28,19.9333,-105.25,87.06,71,54,4.9
397,Pontes E Lacerda,BR,2022-07-22 00:00:29,-15.2261,-59.3353,72.72,39,18,2.68
398,Atasu,KZ,2022-07-21 23:56:24,48.6814,71.6433,66.42,62,31,6.33
399,Regina,CA,2022-07-22 00:00:00,50.4501,-104.6178,82.38,41,20,13.8
400,Qianan,CN,2022-07-22 00:00:29,44.9932,124.0581,78.44,59,4,6.8
401,Souillac,MU,2022-07-22 00:00:30,-20.5167,57.5167,69.04,70,52,12.39
402,Hokitika,NZ,2022-07-22 00:00:30,-42.7167,170.9667,51.51,49,0,5.77
403,Jumla,NP,2022-07-22 00:00:31,29.2747,82.1838,63.19,97,100,0.78
404,Clyde River,CA,2022-07-22 00:00:31,70.4692,-68.5914,37.63,100,100,8.05
405,Khudumelapye,BW,2022-07-22 00:00:31,-23.8833,24.75,54.05,64,16,6.78
406,El Maranon,HN,2022-07-22 00:00:32,15.4,-88.05,82.26,82,77,5.99
407,Nizwa,OM,2022-07-22 00:00:32,22.9333,57.5333,84.16,74,77,3.62
408,Kavaratti,IN,2022-07-22 00:00:32,10.5669,72.642,80.94,79,100,22.32
409,Stokmarknes,NO,2022-07-22 00:01:33,68.5646,14.9108,51.78,100,75,5.75
410,Asandh,IN,2022-07-22 00:01:33,29.5167,76.6,80.19,84,97,6.49
411,Imbituba,BR,2022-07-22 00:01:34,-28.24,-48.6703,66.09,93,23,7.58
412,Benguela,AO,2022-07-22 00:01:34,-12.5763,13.4055,67.05,85,52,2.93
413,Gambela,ET,2022-07-22 00:01:34,8.25,34.5833,70.95,78,70,3.06
414,Mandera,KE,2022-07-22 00:01:35,3.9366,41.867,75.33,66,73,20.83
415,Orbetello,IT,2022-07-22 00:01:35,42.4408,11.2196,77.58,71,0,3.13
416,Olga,RU,2022-07-22 00:01:35,43.7444,135.2892,62.42,98,100,5.64
417,Ilulissat,GL,2022-07-22 00:01:36,69.2167,-51.1,50.02,81,100,6.91
418,Mogok,MM,2022-07-22 00:01:36,22.9167,96.5,66.99,98,92,2.37
419,Aksu,CN,2022-07-22 00:00:29,41.1231,80.2644,75.74,29,0,4.12
420,Callaway,US,2022-07-22 00:00:18,30.153,-85.5699,86.97,80,91,8.01
421,Felipe Carrillo Puerto,MX,2022-07-22 00:01:30,19.5833,-88.05,85.08,63,1,7.31
422,Coromandel,BR,2022-07-22 00:01:37,-18.4733,-47.2003,62.42,54,9,4.52
423,Barra Do Corda,BR,2022-07-22 00:01:37,-5.5,-45.25,81.3,39,61,2.1
424,Brae,GB,2022-07-22 00:01:38,60.3964,-1.353,49.71,87,51,8.25
425,Niquero,CU,2022-07-22 00:01:38,20.0431,-77.5828,82.58,72,12,2.06
426,Ponta Delgada,PT,2022-07-22 00:01:38,37.7333,-25.6667,72.5,88,20,3.44
427,Marystown,CA,2022-07-22 00:01:39,47.1666,-55.1483,60.85,100,38,7.0
428,Asosa,ET,2022-07-22 00:01:39,10.0667,34.5333,59.68,94,90,3.42
429,Berbera,SO,2022-07-22 00:01:39,10.4396,45.0143,90.01,36,56,26.55
430,Tuatapere,NZ,2022-07-22 00:01:40,-46.1333,167.6833,44.96,91,99,2.73
431,Chaykovskiy,RU,2022-07-22 00:01:40,56.7686,54.1148,54.05,94,4,2.84
432,Darhan,MN,2022-07-22 00:01:41,49.4867,105.9228,55.22,96,100,4.54
433,Neustrelitz,DE,2022-07-22 00:01:41,53.3667,13.0833,64.18,83,87,4.23
434,Tyrma,RU,2022-07-22 00:01:41,50.0833,132.1667,67.32,74,91,0.2
435,Alta Floresta,BR,2022-07-22 00:01:42,-9.8756,-56.0861,74.53,39,0,1.41
436,Kailua,US,2022-07-22 00:01:42,21.4022,-157.7394,83.14,70,100,13.8
437,Puerto Escondido,MX,2022-07-22 00:01:42,15.85,-97.0667,83.77,79,99,1.86
438,Derzhavinsk,KZ,2022-07-22 00:01:43,51.1,66.3167,61.83,65,22,6.76
439,Polovinnoye,RU,2022-07-22 00:01:43,54.7914,65.9864,55.49,97,40,9.82
440,Coquimbo,CL,2022-07-22 00:01:43,-29.9533,-71.3436,56.14,87,57,3.24
441,Havre-Saint-Pierre,CA,2022-07-22 00:01:44,50.2334,-63.5986,62.98,74,83,9.89
442,Kongolo,CD,2022-07-22 00:01:44,-5.3833,27.0,77.77,40,41,5.77
443,Port Hedland,AU,2022-07-22 00:01:45,-20.3167,118.5667,62.65,100,0,5.75
444,Wuzhou,CN,2022-07-22 00:00:36,23.4833,111.3167,80.47,87,1,0.65
445,Kalabo,ZM,2022-07-22 00:01:45,-14.97,22.6814,63.41,44,86,4.94
446,Masvingo,ZW,2022-07-22 00:01:45,-20.0637,30.8277,56.19,80,77,3.53
447,Verkhoyansk,RU,2022-07-22 00:01:13,67.5447,133.385,63.3,56,91,2.86
448,Providencia,MX,2022-07-22 00:01:46,28.7167,-111.5833,106.21,34,1,13.94
449,Valle De Allende,MX,2022-07-22 00:01:46,26.9333,-105.4,95.05,15,44,11.56
450,Subiaco,IT,2022-07-22 00:01:47,41.9254,13.0941,76.98,65,0,2.91
451,San Ignacio,BZ,2022-07-22 00:01:47,17.1561,-89.0714,82.06,71,29,7.49
452,Saldanha,ZA,2022-07-22 00:01:39,-33.0117,17.9442,53.58,81,99,8.46
453,Loa Janan,ID,2022-07-22 00:01:47,-0.583,117.095,76.44,96,73,2.01
454,Schitu,RO,2022-07-22 00:02:48,44.35,24.5667,71.37,45,0,11.36
455,Hovd,MN,2022-07-22 00:02:48,48.0056,91.6419,64.15,40,88,3.4
456,The Pas,CA,2022-07-22 00:02:49,53.8251,-101.2541,65.5,62,88,13.78
457,Ribeira Brava,PT,2022-07-22 00:02:49,32.65,-17.0667,70.72,83,2,5.14
458,Texarkana,US,2022-07-22 00:02:49,33.4251,-94.0477,78.24,81,20,11.01
459,North Platte,US,2022-07-22 00:00:14,41.1239,-100.7654,91.38,51,30,15.99
460,Bilma,NE,2022-07-22 00:02:50,18.6853,12.9164,91.71,27,97,7.11
461,Katherine,AU,2022-07-22 00:02:50,-14.4667,132.2667,64.72,48,16,4.61
462,Sulphur,US,2022-07-22 00:02:50,30.2366,-93.3774,91.38,71,0,11.5
463,Sitka,US,2022-07-22 00:02:51,57.0531,-135.33,57.09,82,75,5.75
464,Poum,NC,2022-07-22 00:02:51,-20.2333,164.0167,77.79,81,75,21.34
465,Rabo De Peixe,PT,2022-07-22 00:02:51,37.8,-25.5833,71.28,71,20,3.44
466,Sept-Iles,CA,2022-07-22 00:02:52,50.2001,-66.3821,61.32,86,100,14.97
467,Zhanaozen,KZ,2022-07-21 23:58:51,43.3,52.8,83.35,32,58,22.48
468,Buncrana,IE,2022-07-22 00:02:52,55.1333,-7.45,52.11,87,100,2.33
469,Alofi,NU,2022-07-22 00:02:52,-19.0595,-169.9187,76.98,68,6,8.5
470,Gashua,NG,2022-07-22 00:02:53,12.871,11.0482,78.84,65,66,2.64
471,Dawlatabad,AF,2022-07-22 00:02:53,36.4141,64.9053,86.63,12,0,7.31
472,Redlands,US,2022-07-22 00:00:02,34.0556,-117.1825,103.06,24,99,8.19
473,Liwale,TZ,2022-07-22 00:02:54,-9.7667,37.9333,59.59,96,38,1.61
474,Pacific Grove,US,2022-07-22 00:01:22,36.6177,-121.9166,81.25,84,33,11.01
475,Tawau,MY,2022-07-22 00:02:54,4.2498,117.8871,78.35,88,100,4.7
476,Maceio,BR,2022-07-22 00:00:09,-9.6658,-35.7353,74.05,85,93,9.44
477,Aklavik,CA,2022-07-22 00:02:54,68.2191,-135.0107,72.01,43,31,10.65
478,Sitangkai,PH,2022-07-22 00:02:55,4.6628,119.3928,82.89,72,100,1.3
479,Siemiatycze,PL,2022-07-22 00:02:55,52.4272,22.8623,64.26,82,4,2.37
480,Aquiraz,BR,2022-07-22 00:02:55,-3.9014,-38.3911,75.18,86,92,8.9
481,Shimoda,JP,2022-07-22 00:02:56,34.6667,138.95,83.19,84,11,11.65
482,Thabazimbi,ZA,2022-07-22 00:02:56,-24.5917,27.4116,57.56,58,65,1.14
483,Elko,US,2022-07-22 00:02:56,41.0002,-115.5012,95.74,8,4,18.99
484,Puksoozero,RU,2022-07-22 00:02:57,62.5903,40.6066,57.79,94,32,2.57
485,Ledec,CZ,2022-07-22 00:02:57,49.9745,15.5937,67.42,79,0,4.61
486,Hirara,JP,2022-07-22 00:02:57,24.8,125.2833,84.87,76,1,11.5
487,Qaqortoq,GL,2022-07-22 00:02:58,60.7167,-46.0333,48.96,81,6,7.67
488,Nizhniy Odes,RU,2022-07-22 00:02:58,63.6445,54.856,54.81,72,58,4.81
489,Kaeo,NZ,2022-07-22 00:02:59,-35.1,173.7833,62.33,67,67,7.0
490,Bambanglipuro,ID,2022-07-22 00:02:59,-7.95,110.2833,76.5,78,98,10.0
491,Boueni,YT,2022-07-22 00:02:59,-12.9025,45.0761,76.98,68,2,15.39
492,San Martin,AR,2022-07-22 00:03:00,-33.081,-68.4681,53.62,44,0,5.61
493,Copperas Cove,US,2022-07-22 00:03:00,31.1241,-97.9031,98.91,32,0,16.11
494,Vanimo,PG,2022-07-22 00:03:00,-2.6741,141.3028,80.76,82,98,4.68
495,Alghero,IT,2022-07-22 00:03:01,40.5589,8.3181,73.49,88,0,2.3
496,Yar-Sale,RU,2022-07-22 00:03:01,66.8333,70.8333,43.3,92,100,13.6
497,Malibu,US,2022-07-22 00:03:02,34.005,-118.8101,99.25,48,57,8.5
498,Jawhar,SO,2022-07-22 00:03:02,2.7809,45.5005,73.11,87,26,13.98
499,Hualmay,PE,2022-07-22 00:03:02,-11.0964,-77.6139,62.31,82,16,11.5
500,Grand-Santi,GF,2022-07-22 00:03:03,4.25,-54.3833,72.73,98,82,2.59
501,Harrisburg,US,2022-07-22 00:03:03,40.2737,-76.8844,89.53,54,0,9.22
502,Hirado,JP,2022-07-22 00:04:03,33.3597,129.5531,77.38,75,22,15.1
503,Nisia Floresta,BR,2022-07-22 00:04:04,-6.0911,-35.2086,72.05,93,100,6.6
504,Vilhena,BR,2022-07-22 00:04:04,-12.7406,-60.1458,69.64,48,2,1.36
505,Pozo Colorado,PY,2022-07-22 00:04:04,-23.4923,-58.7972,78.3,36,46,6.31
506,Praia,CV,2022-07-22 00:04:05,14.9215,-23.5087,76.42,83,84,5.82
507,Seymchan,RU,2022-07-22 00:04:05,62.8833,152.4333,60.31,50,97,2.75
508,Pimenta Bueno,BR,2022-07-22 00:04:05,-11.6725,-61.1936,76.3,43,0,1.39
509,Manpur,IN,2022-07-22 00:04:06,22.4333,75.6167,73.29,91,100,11.25
510,Quincy,US,2022-07-21 23:59:09,42.2529,-71.0023,81.05,90,65,9.19
511,Lima,PE,2022-07-22 00:02:07,-12.0432,-77.0282,61.48,77,28,7.31
512,West Bay,KY,2022-07-22 00:04:07,19.3667,-81.4167,86.07,77,21,3.0
513,Necochea,AR,2022-07-22 00:00:08,-38.5473,-58.7368,43.95,48,86,3.29
514,Sisimiut,GL,2022-07-22 00:04:07,66.9395,-53.6735,47.48,85,100,8.08
515,Estelle,US,2022-07-22 00:04:08,29.8458,-90.1067,84.99,78,75,6.91
516,Salinopolis,BR,2022-07-22 00:04:08,-0.6136,-47.3561,78.31,83,73,8.1
517,Snezhnogorsk,RU,2022-07-22 00:04:08,69.1933,33.2531,62.38,76,98,9.86
518,Yangjiang,CN,2022-07-22 00:04:09,21.85,111.9667,81.75,84,17,2.98
519,Chumikan,RU,2022-07-22 00:04:09,54.7183,135.315,55.62,92,100,4.12
520,Musoma,TZ,2022-07-22 00:04:09,-1.5,33.8,70.38,60,100,8.03
521,Usinsk,RU,2022-07-22 00:04:10,65.9939,57.5281,42.26,77,15,10.49
522,Deputatskiy,RU,2022-07-22 00:04:10,69.3,139.9,51.57,59,14,12.84
523,Atar,MR,2022-07-22 00:04:11,20.5169,-13.0499,91.89,35,3,7.14
524,Yamethin,MM,2022-07-22 00:04:11,20.4333,96.15,76.82,90,100,3.53
525,Tucuman,AR,2022-07-22 00:04:11,-26.8241,-65.2226,64.4,59,75,6.91
526,Olafsvik,IS,2022-07-22 00:02:54,64.8945,-23.7142,52.74,85,62,4.99
527,Kununurra,AU,2022-07-22 00:04:12,-15.7667,128.7333,69.78,43,6,0.0
528,Benjamin Aceval,PY,2022-07-22 00:04:12,-24.9667,-57.5667,73.54,47,58,5.73
529,Takoradi,GH,2022-07-22 00:04:12,4.8845,-1.7554,73.4,78,68,7.31
530,Sovetskoye,RU,2022-07-22 00:04:13,52.2861,85.4131,58.84,96,100,7.7
531,Ruwi,OM,2022-07-22 00:00:21,23.5996,58.5507,88.77,72,41,5.26
532,Faanui,PF,2022-07-22 00:04:13,-16.4833,-151.75,77.02,74,15,10.2
533,Pedernales,DO,2022-07-22 00:04:14,18.0384,-71.744,83.98,69,16,13.8
534,Kattivakkam,IN,2022-07-22 00:04:14,13.2167,80.3167,78.89,75,97,9.28
535,Chhata,IN,2022-07-22 00:04:14,27.7167,77.5,86.76,68,100,2.26
536,Wajir,KE,2022-07-22 00:04:15,1.7471,40.0573,72.07,71,5,17.18
537,Babusnica,RS,2022-07-22 00:04:15,43.0597,22.4117,70.59,69,0,2.24
538,Sibolga,ID,2022-07-22 00:04:16,1.7427,98.7792,75.9,86,96,3.4
539,High Level,CA,2022-07-22 00:04:16,58.5169,-117.136,53.91,99,100,4.56
540,Vila Velha,BR,2022-07-22 00:04:16,-20.3297,-40.2925,71.55,89,75,2.3
541,Sakakah,SA,2022-07-22 00:00:04,29.9697,40.2064,88.84,17,0,11.65
542,Roblin,CA,2022-07-22 00:04:17,51.23,-101.3565,69.8,67,39,12.91
543,Banjar,ID,2022-07-22 00:04:17,-8.19,114.9675,77.23,80,96,5.73
544,Pineville,US,2022-07-22 00:00:09,31.3224,-92.4343,91.87,57,65,7.87
545,Aykhal,RU,2022-07-22 00:04:17,66.0,111.5,56.34,82,100,6.08
546,Uglovskoye,RU,2022-07-22 00:05:18,51.3557,80.1942,66.42,68,33,6.17
547,San Patricio,US,2022-07-22 00:05:18,28.017,-97.5169,92.17,57,30,18.68
548,Sarasota,US,2022-07-22 00:02:46,27.167,-82.3332,88.02,75,0,4.61
549,Kalvarija,LT,2022-07-22 00:05:19,54.4,23.2333,64.0,85,8,4.38
550,Sobolevo,RU,2022-07-22 00:05:19,54.4299,31.8996,53.51,94,0,7.92
551,Tabou,CI,2022-07-22 00:05:19,4.423,-7.3528,75.18,76,100,6.04
552,Passo De Camaragibe,BR,2022-07-22 00:05:20,-9.2368,-35.4901,71.06,95,76,4.03
553,Lere,NG,2022-07-22 00:05:20,10.387,8.5726,68.65,94,66,3.4
554,Dharchula,IN,2022-07-22 00:05:21,29.85,80.5333,71.67,93,100,1.59
555,Fukue,JP,2022-07-22 00:05:21,32.6881,128.8419,78.21,72,33,12.01
556,Teya,RU,2022-07-22 00:05:22,60.3778,92.6267,59.02,78,60,2.37
557,Quepos,CR,2022-07-22 00:05:22,9.4236,-84.1652,77.54,89,100,3.6
558,Doha,QA,2022-07-22 00:04:23,25.2867,51.5333,93.18,75,0,5.75
559,Barcelos,PT,2022-07-22 00:05:23,41.5388,-8.6151,67.91,89,61,2.55
560,Roald,NO,2022-07-22 00:05:23,62.5833,6.1333,55.76,82,100,4.61
561,Savannah Bight,HN,2022-07-22 00:05:23,16.45,-85.85,82.69,81,17,18.68
562,Camden,US,2022-07-22 00:04:28,39.7835,-74.9663,92.79,58,80,1.01
563,Tilichiki,RU,2022-07-22 00:05:24,60.4667,166.1,62.74,44,0,6.51
564,Alyangula,AU,2022-07-22 00:05:24,-13.8483,136.4192,72.99,49,61,15.32
565,Myatlevo,RU,2022-07-22 00:05:25,54.8969,35.6762,56.68,83,9,9.8
566,Durban,ZA,2022-07-22 00:05:25,-29.8579,31.0292,65.01,84,94,1.99
567,Port Blair,IN,2022-07-22 00:05:26,11.6667,92.75,78.84,86,100,2.95
568,San Cristobal,VE,2022-07-22 00:05:26,7.7669,-72.225,66.97,97,59,3.4
569,Vestmanna,FO,2022-07-22 00:05:26,62.1564,-7.1664,43.72,100,55,0.0
570,Padre Paraiso,BR,2022-07-22 00:05:27,-17.0742,-41.4844,59.25,80,7,3.02
571,San Juan,AR,2022-07-22 00:05:27,-31.5375,-68.5364,54.95,34,0,3.38
572,Borovskoy,KZ,2022-07-22 00:05:27,53.8,64.15,54.48,92,0,7.76
573,Ylojarvi,FI,2022-07-22 00:05:28,61.5563,23.5961,66.11,71,58,8.05
574,Kushmurun,KZ,2022-07-22 00:05:28,52.4503,64.6311,59.99,69,1,6.35
575,Gat,IL,2022-07-22 00:05:29,31.61,34.7642,75.88,100,0,1.59
576,Herat,AF,2022-07-22 00:05:29,34.5,62.0,80.4,12,0,10.54
577,Harper,LR,2022-07-22 00:05:29,4.375,-7.7169,75.18,75,100,7.18
578,Umm Kaddadah,SD,2022-07-22 00:05:30,13.6017,26.6876,77.85,55,95,4.5
579,Marfino,RU,2022-07-22 00:05:30,55.7028,37.3822,62.51,82,0,8.95
580,Sicamous,CA,2022-07-22 00:05:30,50.8331,-118.9856,94.19,22,36,0.34
